lead_id,name,phone,email,city,country,type,notes
c3155337-13d7-4507-bb11-c32462fb22d9,Owner 4997,+91XXXXXXXXXX,,New York,IN,Seller,Generated
bae62ba9-c6e5-431d-9aaf-817a4fcb619a,Owner 3521,+91XXXXXXXXXX,,Mumbai,IN,Seller,Generated
f280ee58-1942-49d6-9db0-bbe59d638870,Owner 6904,+91XXXXXXXXXX,,Delhi,IN,Seller,Generated
b7115f9a-0664-4cce-8ddf-2a45a4d69ff0,Owner 402,+91XXXXXXXXXX,,New York,IN,Seller,Generated
c4a77d40-ddf4-4ba4-acd3-483e6ab729b7,Owner 6923,+91XXXXXXXXXX,,Mumbai,IN,Seller,Generated
624129d0-9282-4312-965a-ca71a360d329,Owner 9151,+91XXXXXXXXXX,,New York,IN,Seller,Generated
d8d10e7d-3e24-4782-916b-5881c921df0c,Owner 5087,+91XXXXXXXXXX,,New York,IN,Seller,Generated
77cdb86b-cc14-45d6-811e-ec9e815d4f29,Owner 5173,+91XXXXXXXXXX,,Mumbai,IN,Seller,Generated
0fc2eda8-886c-47bf-a5b3-ed48e5e8e835,Owner 1478,+91XXXXXXXXXX,,New York,IN,Seller,Generated
4bc64eeb-b7c1-4b70-ade7-23f1128d7e35,Owner 8686,+91XXXXXXXXXX,,Mumbai,IN,Seller,Generated
3849db86-d51d-4c7e-9368-be1314869a0f,Owner 6606,+91XXXXXXXXXX,,London,IN,Seller,Generated
8158c7d7-372c-437e-952c-27648f32e4ad,Owner 940,+91XXXXXXXXXX,,London,IN,Seller,Generated
1c25e510-875f-48a5-82dd-f25df8bca037,Owner 8394,+91XXXXXXXXXX,,Delhi,IN,Seller,Generated
96034ee6-cf1c-4d77-9e20-ce3f81afb8b7,Owner 1286,+91XXXXXXXXXX,,Delhi,IN,Seller,Generated
f751fe29-d69c-4520-bcc3-6f45f011c4fa,Owner 8782,+91XXXXXXXXXX,,New York,IN,Seller,Generated
345cbaf5-1aff-4603-b72c-2e5d1670f311,Owner 5074,+91XXXXXXXXXX,,London,IN,Seller,Generated
fe7c7a1e-5d26-4e57-a583-320db96fd845,Owner 3363,+91XXXXXXXXXX,,Delhi,IN,Seller,Generated
0991b707-4991-4ff7-b296-156f01f63737,Owner 6503,+91XXXXXXXXXX,,Delhi,IN,Seller,Generated
ad44ed30-4016-4523-9af6-6440befbcf7c,Owner 9301,+91XXXXXXXXXX,,London,IN,Seller,Generated
f7763bdf-6625-4446-a9a5-3add9d42eb83,Owner 8459,+91XXXXXXXXXX,,Mumbai,IN,Seller,Generated
480970c8-1564-476b-9711-baff568c6845,Owner 8831,+91XXXXXXXXXX,,Delhi,IN,Seller,Generated
7679b2fa-42aa-452e-8de1-1f2b6b2374ee,Owner 3418,+91XXXXXXXXXX,,London,IN,Seller,Generated
0d5b96c5-2b94-4bff-81ed-cecd998825c8,Owner 8797,+91XXXXXXXXXX,,London,IN,Seller,Generated
40f39da7-9f73-478c-8f1e-e2a1c79782ed,Owner 4860,+91XXXXXXXXXX,,Delhi,IN,Seller,Generated
5414c391-03c6-4bd7-8363-bd7af5d5ad8a,Owner 9670,+91XXXXXXXXXX,,London,IN,Seller,Generated
c99b5d6b-3f7e-40a3-97d7-e4dae7d68032,Owner 894,+91XXXXXXXXXX,,Mumbai,IN,Seller,Generated
3c8e6ad9-ed47-41a7-a600-434ac6440bdd,Owner 5113,+91XXXXXXXXXX,,New York,IN,Seller,Generated
1acb9766-0b4b-42f0-92eb-f58eb5c59ad0,Owner 2026,+91XXXXXXXXXX,,Mumbai,IN,Seller,Generated
f6b90379-01a1-43d0-b6a8-45270bc1b264,Owner 6235,+91XXXXXXXXXX,,Mumbai,IN,Seller,Generated
bb79ecf8-5786-4468-a790-feb3aa2d59e8,Owner 6964,+91XXXXXXXXXX,,Mumbai,IN,Seller,Generated
1f9b23d3-59ad-4f9a-b5a3-b14ef8e0d98a,Owner 9931,+91XXXXXXXXXX,,New York,IN,Seller,Generated
fb8dbc16-d3b8-4840-8517-712073a8bb8e,Owner 333,+91XXXXXXXXXX,,New York,IN,Seller,Generated
ea088fd4-18b3-4171-b37b-06402c6de422,Owner 6428,+91XXXXXXXXXX,,New York,IN,Seller,Generated
3fbaffd0-9b65-40f9-b02e-3a46c5be5c05,Owner 9584,+91XXXXXXXXXX,,Delhi,IN,Seller,Generated
89ff7937-c8d6-4cda-876b-264807a01c61,Owner 7489,+91XXXXXXXXXX,,Delhi,IN,Seller,Generated
b0cb9f9e-543b-4c99-9445-852734d21544,Owner 7168,+91XXXXXXXXXX,,New York,IN,Seller,Generated
fc082527-94ed-413c-a8e4-738d9b520962,Owner 67,+91XXXXXXXXXX,,Delhi,IN,Seller,Generated
ed1cf60f-4c15-49df-b8b1-4df2aab519e7,Owner 3125,+91XXXXXXXXXX,,New York,IN,Seller,Generated
4a4b6f6d-4e3d-451e-b418-2eb75fef5bad,Owner 435,+91XXXXXXXXXX,,London,IN,Seller,Generated
586a106e-12b1-47f6-a601-ecc87ec87648,Owner 1482,+91XXXXXXXXXX,,Mumbai,IN,Seller,Generated
8eb64cdd-ec6e-4ab9-99a0-323553133456,Owner 7143,+91XXXXXXXXXX,,Delhi,IN,Seller,Generated
7fdad22d-437b-4ca7-b543-5277d4ae8889,Owner 4218,+91XXXXXXXXXX,,New York,IN,Seller,Generated
470b8643-cbb7-449d-a718-668fdff85dcc,Owner 9039,+91XXXXXXXXXX,,Delhi,IN,Seller,Generated
8524cf9a-b299-4188-90f0-1de422ed3bb5,Owner 7938,+91XXXXXXXXXX,,New York,IN,Seller,Generated
3c0e3e52-b303-4fe7-9235-801edfd3d8f9,Owner 4447,+91XXXXXXXXXX,,New York,IN,Seller,Generated
f14a7acd-8004-4f15-824d-bd0f05872903,Owner 8984,+91XXXXXXXXXX,,London,IN,Seller,Generated
6515b05c-cc6f-4d54-9168-ebc760a8d39f,Owner 5257,+91XXXXXXXXXX,,Delhi,IN,Seller,Generated
a52262f7-5797-4dba-9990-35f86cd8192c,Owner 5323,+91XXXXXXXXXX,,Delhi,IN,Seller,Generated
b2830077-197e-4d34-b94a-186281d9b3e9,Owner 5137,+91XXXXXXXXXX,,London,IN,Seller,Generated
0ba62d70-8546-47e7-aa67-a39e4a317f19,Owner 9739,+91XXXXXXXXXX,,Mumbai,IN,Seller,Generated
7a1d90f3-7885-4c53-b987-f89c548c13a3,Owner 9804,+91XXXXXXXXXX,,New York,IN,Seller,Generated
52239c56-92ad-447a-babe-b868d0bbe396,Owner 4199,+91XXXXXXXXXX,,Delhi,IN,Seller,Generated
65b710c5-474d-4de5-9707-83df846c9504,Owner 1722,+91XXXXXXXXXX,,London,IN,Seller,Generated
f3a23ac2-dba1-498e-91c9-eb9f353cfd10,Owner 3976,+91XXXXXXXXXX,,Delhi,IN,Seller,Generated
112c048e-9751-4b50-9931-05326f6a7a6d,Owner 6681,+91XXXXXXXXXX,,London,IN,Seller,Generated
de52d85f-2c46-4acf-bc6e-1acbaad05996,Owner 4852,+91XXXXXXXXXX,,New York,IN,Seller,Generated
31a86d1e-23dc-4c28-8f3f-ade322bf9020,Owner 7462,+91XXXXXXXXXX,,London,IN,Seller,Generated
6c72fd4d-507c-429d-8450-844f65fb26ff,Owner 9664,+91XXXXXXXXXX,,London,IN,Seller,Generated
a5f2de0d-70d5-4b83-bb46-f46c6dd84649,Owner 997,+91XXXXXXXXXX,,Mumbai,IN,Seller,Generated
c0261040-f1df-4b58-bf1c-e2780a8eecf7,Owner 3400,+91XXXXXXXXXX,,London,IN,Seller,Generated
337bcd9f-cd1c-496d-82bd-ee367c5cebbf,Owner 1198,+91XXXXXXXXXX,,Mumbai,IN,Seller,Generated
8c401690-8d46-4e1d-861e-30f8bf513015,Owner 8132,+91XXXXXXXXXX,,London,IN,Seller,Generated
0261e367-31a1-4c97-bac8-5b55fc2b465c,Owner 2771,+91XXXXXXXXXX,,London,IN,Seller,Generated
4a8e3ea6-147e-4cc4-8f5f-f9557a507792,Owner 292,+91XXXXXXXXXX,,Mumbai,IN,Seller,Generated
058b15a2-16b2-4ce9-b887-8579b0f8366f,Owner 1369,+91XXXXXXXXXX,,Mumbai,IN,Seller,Generated
add4065d-5fbf-4fa7-a295-9cbbc2553161,Owner 3862,+91XXXXXXXXXX,,London,IN,Seller,Generated
9b569d9b-f029-4ed6-a5bf-9750fdf5598a,Owner 3157,+91XXXXXXXXXX,,London,IN,Seller,Generated
db5a1493-876d-4f85-a562-0bde4ef1dbaf,Owner 8985,+91XXXXXXXXXX,,Mumbai,IN,Seller,Generated
27a080db-93ec-43bf-9abe-7657f0c3b6f3,Owner 2029,+91XXXXXXXXXX,,London,IN,Seller,Generated
b3093026-70eb-4c18-9424-5861a90a318b,Owner 1173,+91XXXXXXXXXX,,New York,IN,Seller,Generated
45c568a0-4ec2-46aa-891e-55706dbaba72,Owner 4193,+91XXXXXXXXXX,,New York,IN,Seller,Generated
bfa7b7ff-b97d-4b5e-8312-a5de7ba88f33,Owner 401,+91XXXXXXXXXX,,London,IN,Seller,Generated
9c3bd45f-c896-4bd0-b76b-cf2d30878ed9,Owner 6614,+91XXXXXXXXXX,,New York,IN,Seller,Generated
bf80ffe2-6f5f-480f-8ce7-6b11b323bb86,Owner 955,+91XXXXXXXXXX,,New York,IN,Seller,Generated
da3795bf-9171-4c72-853c-633c73ca3b44,Owner 5676,+91XXXXXXXXXX,,London,IN,Seller,Generated
2876ea92-702c-4f12-a6b5-29b7eb893931,Owner 563,+91XXXXXXXXXX,,Delhi,IN,Seller,Generated
0f23b40e-04c9-41c9-b574-920388210439,Owner 8546,+91XXXXXXXXXX,,Delhi,IN,Seller,Generated
4a23c90a-2360-4830-a3c2-160c311bdb2e,Owner 9891,+91XXXXXXXXXX,,Mumbai,IN,Seller,Generated
26823e03-c5c3-4df8-afc2-08edf4f6357a,Owner 7299,+91XXXXXXXXXX,,New York,IN,Seller,Generated
6e052683-25ff-4f66-873f-09278020ec8a,Owner 2563,+91XXXXXXXXXX,,Mumbai,IN,Seller,Generated
ab62fd60-600f-46d5-b86c-1c472d2db25d,Owner 4325,+91XXXXXXXXXX,,Mumbai,IN,Seller,Generated
50bf9fa5-f029-4a34-8def-928f3ee0734e,Owner 7648,+91XXXXXXXXXX,,Mumbai,IN,Seller,Generated
79d6a330-0f33-47ab-9ce5-1562d4014ddb,Owner 22,+91XXXXXXXXXX,,Mumbai,IN,Seller,Generated
595244be-8f8f-4964-8cc6-9b2723f6f754,Owner 6718,+91XXXXXXXXXX,,London,IN,Seller,Generated
2cc466a6-1e3a-4b53-9fc3-20e6606556cd,Owner 5092,+91XXXXXXXXXX,,Delhi,IN,Seller,Generated
4280e040-baa0-4e55-8c0d-fae6088a73e9,Owner 8620,+91XXXXXXXXXX,,London,IN,Seller,Generated
d883183d-66cc-4ad8-a6ee-55b1f3842d7a,Owner 1784,+91XXXXXXXXXX,,Mumbai,IN,Seller,Generated
3b15ab7c-fe43-48a2-9cc2-63b045485ef7,Owner 3541,+91XXXXXXXXXX,,London,IN,Seller,Generated
72d6e1de-cb1d-4eaa-8349-8331b6d8a7dc,Owner 783,+91XXXXXXXXXX,,Delhi,IN,Seller,Generated
58bc1ded-bcc5-4782-829e-464511d301ba,Owner 8752,+91XXXXXXXXXX,,Mumbai,IN,Seller,Generated
7850c314-e5d1-4898-adf2-f7a7e32b4a0f,Owner 8115,+91XXXXXXXXXX,,London,IN,Seller,Generated
3e728179-2093-4139-bd86-82632a8bfa93,Owner 3059,+91XXXXXXXXXX,,New York,IN,Seller,Generated
ea2f6b35-8976-44ef-9f50-b5e9fdb7f7e9,Owner 1182,+91XXXXXXXXXX,,New York,IN,Seller,Generated
bf92551f-8644-4f26-b123-1f3e2481bcc1,Owner 2527,+91XXXXXXXXXX,,Mumbai,IN,Seller,Generated
daea5e7f-9f6c-461c-b6e4-7a8ea6f04b03,Owner 4882,+91XXXXXXXXXX,,Delhi,IN,Seller,Generated
9f833089-2cc7-4b5a-b208-d853f1a650aa,Owner 9128,+91XXXXXXXXXX,,London,IN,Seller,Generated
d67f685a-0179-4484-9cd6-56acad63f5fa,Owner 1032,+91XXXXXXXXXX,,Delhi,IN,Seller,Generated
dc06a921-89b4-410c-82f4-a1dc6738543c,Owner 5032,+91XXXXXXXXXX,,London,IN,Seller,Generated
cafc6475-bae8-406a-91fb-0afc9896dced,Owner 4297,+91XXXXXXXXXX,,London,IN,Seller,Generated
fd1a4fe4-fa67-4bae-a5ce-4cd9f0693e37,Owner 4218,+91XXXXXXXXXX,,Mumbai,IN,Seller,Generated
1e359c24-27ef-4659-b2c9-1be3c1e34f0f,Owner 6170,+91XXXXXXXXXX,,London,IN,Seller,Generated
b4e9dc23-8594-4b33-b49e-297db86c36b9,Owner 3005,+91XXXXXXXXXX,,Mumbai,IN,Seller,Generated
d4da13af-0d64-447a-8885-cfa99c4e3101,Owner 6156,+91XXXXXXXXXX,,New York,IN,Seller,Generated
81397f0f-4831-4170-9376-b26b4f4dce4d,Owner 6015,+91XXXXXXXXXX,,Delhi,IN,Seller,Generated
b269058b-16b7-4aa6-9376-c8058839d972,Owner 4296,+91XXXXXXXXXX,,Delhi,IN,Seller,Generated
b38728ac-74c3-4127-ad4e-fd2b9a3e8386,Owner 3936,+91XXXXXXXXXX,,Mumbai,IN,Seller,Generated
31cfba6c-71f7-46c4-8629-95e9b0bdceef,Owner 8822,+91XXXXXXXXXX,,Delhi,IN,Seller,Generated
ef429c22-70b8-4308-8379-bb2102e29a6b,Owner 3640,+91XXXXXXXXXX,,Delhi,IN,Seller,Generated
2d22d43c-f301-4533-9c21-290eff18ebc7,Owner 7441,+91XXXXXXXXXX,,London,IN,Seller,Generated
29e10370-8b47-4eff-a474-32da801bb7d6,Owner 5198,+91XXXXXXXXXX,,New York,IN,Seller,Generated
e19974ea-9980-4bcc-b5f2-f85301066aac,Owner 6462,+91XXXXXXXXXX,,New York,IN,Seller,Generated
01e07a73-3294-4d26-a79e-ead7c70d0070,Owner 4597,+91XXXXXXXXXX,,New York,IN,Seller,Generated
fb326147-a32c-4a23-95b1-089ffcab6914,Owner 9400,+91XXXXXXXXXX,,Delhi,IN,Seller,Generated
fef27471-75b5-494e-b128-d8399a074e6b,Owner 842,+91XXXXXXXXXX,,Delhi,IN,Seller,Generated
32f6716a-026e-406d-a0d1-4888b9362749,Owner 6359,+91XXXXXXXXXX,,Delhi,IN,Seller,Generated
b49427f6-4d89-4fc1-9205-562e56e789f6,Owner 4450,+91XXXXXXXXXX,,New York,IN,Seller,Generated
f26772d9-420c-4423-a489-3a27602d4dc4,Owner 3067,+91XXXXXXXXXX,,New York,IN,Seller,Generated
5d34eb11-a925-4a33-954c-74fdca3b45bc,Owner 5340,+91XXXXXXXXXX,,London,IN,Seller,Generated
c04523ce-53b7-4215-8771-9f1571d11ecd,Owner 5221,+91XXXXXXXXXX,,Delhi,IN,Seller,Generated
13aa4d02-3017-4ae2-913d-f19664fd22fc,Owner 3929,+91XXXXXXXXXX,,London,IN,Seller,Generated
0d164d79-6a7f-47d2-a205-439ba4629f2a,Owner 6931,+91XXXXXXXXXX,,Delhi,IN,Seller,Generated
69ab5d1f-fd55-4ec3-bf10-e1915f5cd668,Owner 4700,+91XXXXXXXXXX,,London,IN,Seller,Generated
d247cae5-602d-48ff-8c05-64acddeb32d8,Owner 1923,+91XXXXXXXXXX,,Delhi,IN,Seller,Generated
663a91a7-91b5-44bc-882c-935522a4648f,Owner 8770,+91XXXXXXXXXX,,New York,IN,Seller,Generated
abca43a2-a4b5-4241-822e-2ff0650cfa09,Owner 2292,+91XXXXXXXXXX,,Mumbai,IN,Seller,Generated
5e3fc460-5c01-428d-bb8b-1aeb769fd1fb,Owner 2681,+91XXXXXXXXXX,,Mumbai,IN,Seller,Generated
e1fe8832-121c-4fd1-aa7d-7485654b0720,Owner 4894,+91XXXXXXXXXX,,London,IN,Seller,Generated
1a720937-5275-410a-b5cc-2ca6f6df757c,Owner 4937,+91XXXXXXXXXX,,London,IN,Seller,Generated
01c2a9f8-4407-48d6-86bd-61fb7bfa6df2,Owner 8120,+91XXXXXXXXXX,,New York,IN,Seller,Generated
8a30433e-0b7d-4968-97ec-7141749d4ad0,Owner 2158,+91XXXXXXXXXX,,Delhi,IN,Seller,Generated
69f6b127-5ba8-47da-a40c-7d1d52667428,Owner 7492,+91XXXXXXXXXX,,London,IN,Seller,Generated
de0fb31a-9cd4-4062-a737-6112416e9e7c,Owner 2550,+91XXXXXXXXXX,,Delhi,IN,Seller,Generated
c9cb1553-6d5e-4c44-9829-5f1ddf7307a2,Owner 244,+91XXXXXXXXXX,,London,IN,Seller,Generated
ff1e9e71-f788-45d2-86f8-2627d722d83b,Owner 6068,+91XXXXXXXXXX,,London,IN,Seller,Generated
b55d2c1c-d7a1-426a-9620-a2bb893a1eef,Owner 1796,+91XXXXXXXXXX,,Delhi,IN,Seller,Generated
b4ac88a2-4133-4b40-83df-2001ecd7296d,Owner 6073,+91XXXXXXXXXX,,Mumbai,IN,Seller,Generated
22bb4587-d5a9-4054-860c-e64ef1f0b5fa,Owner 6695,+91XXXXXXXXXX,,Delhi,IN,Seller,Generated
89ad427d-4e74-4680-8a06-624a2a229358,Owner 732,+91XXXXXXXXXX,,Mumbai,IN,Seller,Generated
a1fac5ef-93be-4579-a271-148f08c37386,Owner 6405,+91XXXXXXXXXX,,Mumbai,IN,Seller,Generated
119f52d9-0931-455d-9a5a-4a932817c4a3,Owner 5536,+91XXXXXXXXXX,,New York,IN,Seller,Generated
ca9d4f4c-cd52-4101-aba5-d00ed77cad6f,Owner 2346,+91XXXXXXXXXX,,London,IN,Seller,Generated
447defb2-07bb-462a-af50-ca4a8641521f,Owner 3208,+91XXXXXXXXXX,,Delhi,IN,Seller,Generated
67c0d573-e63d-4ba6-966d-e66ef4c9107c,Owner 1044,+91XXXXXXXXXX,,Delhi,IN,Seller,Generated
95b0a372-29d7-48f5-a7fc-906f9150db10,Owner 2687,+91XXXXXXXXXX,,Delhi,IN,Seller,Generated
0745a30b-88db-4ffc-bd02-fda0a54550d7,Owner 5364,+91XXXXXXXXXX,,Delhi,IN,Seller,Generated
8038e116-9b89-44cc-839e-b18dc7f89273,Owner 650,+91XXXXXXXXXX,,Mumbai,IN,Seller,Generated
d7923532-f6fd-4f34-8032-33505e67e8b4,Owner 4912,+91XXXXXXXXXX,,London,IN,Seller,Generated
8e69248d-dca3-45d6-9a15-f91dd9022b24,Owner 3460,+91XXXXXXXXXX,,New York,IN,Seller,Generated
4656eac2-3743-415c-9229-eb1db8c47420,Owner 4360,+91XXXXXXXXXX,,Delhi,IN,Seller,Generated
b739a275-63d3-431b-a2cb-72b9c7da742d,Owner 8232,+91XXXXXXXXXX,,Delhi,IN,Seller,Generated
b6c95f15-a349-4317-be9d-8853c7ea6cab,Owner 1721,+91XXXXXXXXXX,,Delhi,IN,Seller,Generated
4737d0a6-5810-4707-afae-2be77919f278,Owner 2468,+91XXXXXXXXXX,,Mumbai,IN,Seller,Generated
dd0bee59-51c3-47e7-aef3-f49dff8a13fb,Owner 4459,+91XXXXXXXXXX,,Mumbai,IN,Seller,Generated
d01a1656-d53b-4225-aa42-6085e888bb5d,Owner 748,+91XXXXXXXXXX,,Delhi,IN,Seller,Generated
a05cd325-0042-42a4-9745-c5d73025d236,Owner 9974,+91XXXXXXXXXX,,Mumbai,IN,Seller,Generated
f381d43f-5176-4e0e-b2a4-f8a8e9166215,Owner 9949,+91XXXXXXXXXX,,New York,IN,Seller,Generated
2befdcf6-b770-41b7-9851-0973dd52779f,Owner 691,+91XXXXXXXXXX,,Delhi,IN,Seller,Generated
8dfe079a-bfcc-4671-8e85-763055323ec0,Owner 1117,+91XXXXXXXXXX,,Delhi,IN,Seller,Generated
1ec8d0d7-0308-4006-9ebc-b6975383ead5,Owner 8358,+91XXXXXXXXXX,,New York,IN,Seller,Generated
0639e7f5-9e31-4f4f-a36e-2719e82dbd06,Owner 4476,+91XXXXXXXXXX,,Mumbai,IN,Seller,Generated
a40630d2-95b9-42ee-905d-3eac39617e77,Owner 9670,+91XXXXXXXXXX,,Mumbai,IN,Seller,Generated
3293f9ef-989e-4aaf-819a-3499c7ea74b4,Owner 2378,+91XXXXXXXXXX,,Delhi,IN,Seller,Generated
12d990a5-ee46-4b30-8514-043b918e6c0e,Owner 4130,+91XXXXXXXXXX,,Delhi,IN,Seller,Generated
873417a3-c575-400f-a9a3-1b949238c656,Owner 4984,+91XXXXXXXXXX,,London,IN,Seller,Generated
3aa7fd05-b550-4a05-8183-6981d90763a8,Owner 5194,+91XXXXXXXXXX,,Mumbai,IN,Seller,Generated
641ba908-49e3-4a38-ad3a-b60af06d5b7d,Owner 8044,+91XXXXXXXXXX,,London,IN,Seller,Generated
f6b02702-779a-4db2-a8fe-973ded2ea7e0,Owner 3301,+91XXXXXXXXXX,,Mumbai,IN,Seller,Generated
cd408d3c-80b8-452c-8739-cfefe9320392,Owner 57,+91XXXXXXXXXX,,London,IN,Seller,Generated
e196ea4e-72c3-4067-8e0d-5868ceaa0d1d,Owner 9825,+91XXXXXXXXXX,,Mumbai,IN,Seller,Generated
e63a1722-c5a6-48f3-89cb-7410913014da,Owner 1133,+91XXXXXXXXXX,,London,IN,Seller,Generated
5042a2fa-b776-4b3e-9631-f953212a08b7,Owner 325,+91XXXXXXXXXX,,New York,IN,Seller,Generated
8f4006a9-87b5-4359-b7a9-c54f5b258084,Owner 1375,+91XXXXXXXXXX,,Mumbai,IN,Seller,Generated
6287e060-9e03-4826-9ac1-366581848353,Owner 9105,+91XXXXXXXXXX,,Delhi,IN,Seller,Generated
feffecc0-24ef-4f5d-83e9-eff8b41fc428,Owner 793,+91XXXXXXXXXX,,New York,IN,Seller,Generated
3ecc5c05-90bf-445c-9222-d64532ec1411,Owner 1994,+91XXXXXXXXXX,,New York,IN,Seller,Generated
b17072be-cd8a-41ef-a8f2-7a728ae41eb1,Owner 242,+91XXXXXXXXXX,,New York,IN,Seller,Generated
5c1f5cbc-baec-4a97-9934-71d6d9f6f283,Owner 2927,+91XXXXXXXXXX,,New York,IN,Seller,Generated
6421f889-0a61-44f1-9253-5d53d2e9fe54,Owner 9339,+91XXXXXXXXXX,,New York,IN,Seller,Generated
f903543f-06fa-4874-9eee-2cce3dc53458,Owner 5866,+91XXXXXXXXXX,,London,IN,Seller,Generated
5a3b7dc9-4cd9-426f-aad2-dc87d883a81d,Owner 7673,+91XXXXXXXXXX,,Mumbai,IN,Seller,Generated
31fb64e1-6d73-4e8b-968e-963c9f3d11dd,Owner 220,+91XXXXXXXXXX,,Delhi,IN,Seller,Generated
10637752-eb2b-475a-9205-fbbfda76c301,Owner 1245,+91XXXXXXXXXX,,London,IN,Seller,Generated
75d0cb49-be7a-46f0-ae9e-86af7ac240c2,Owner 191,+91XXXXXXXXXX,,New York,IN,Seller,Generated
7f4cd67e-980a-457a-bec5-570a140a1444,Owner 1927,+91XXXXXXXXXX,,Mumbai,IN,Seller,Generated
e5eb2aa8-83ea-45e0-9f61-e444755e4fd3,Owner 3239,+91XXXXXXXXXX,,New York,IN,Seller,Generated
3af2b9bd-c859-4642-b773-826568df7787,Owner 8007,+91XXXXXXXXXX,,Delhi,IN,Seller,Generated
e5615b8d-a4a9-41ba-85e6-d8810bcaed0d,Owner 2678,+91XXXXXXXXXX,,Delhi,IN,Seller,Generated
1c11feb9-3941-45f4-b718-43e8e584a019,Owner 7886,+91XXXXXXXXXX,,Delhi,IN,Seller,Generated
999b2bf2-6c2b-474b-8739-22271e9570b7,Owner 1562,+91XXXXXXXXXX,,Delhi,IN,Seller,Generated
5ebf948f-3d93-4497-8969-d31a8c8e8e9e,Owner 15,+91XXXXXXXXXX,,Delhi,IN,Seller,Generated
e2805679-12d9-4741-92d2-46db555481ce,Owner 4856,+91XXXXXXXXXX,,New York,IN,Seller,Generated
5b6d0dc4-1b19-49f3-937b-b2c640c3989c,Owner 443,+91XXXXXXXXXX,,Mumbai,IN,Seller,Generated
b21b0efd-70ac-495e-b892-7f4a332a6e79,Owner 1760,+91XXXXXXXXXX,,Mumbai,IN,Seller,Generated
fdfd0362-32b1-4bf8-812d-02177a053c8d,Owner 4980,+91XXXXXXXXXX,,London,IN,Seller,Generated
7ac13c66-7799-4f75-bb6a-15b282aa0bed,Owner 3313,+91XXXXXXXXXX,,New York,IN,Seller,Generated
7a897471-a023-4537-be44-a77fd092f7a2,Owner 9809,+91XXXXXXXXXX,,London,IN,Seller,Generated
c9e27c74-904b-4398-a1d3-338381f80b03,Owner 6351,+91XXXXXXXXXX,,Delhi,IN,Seller,Generated
885c05c2-c988-485f-b762-86a2de3fda94,Owner 9633,+91XXXXXXXXXX,,London,IN,Seller,Generated
d945ca9e-4a14-48e5-966a-e5098fcbf3ba,Owner 2063,+91XXXXXXXXXX,,Mumbai,IN,Seller,Generated
40500b3e-d31e-4341-bb37-a9dc81e72d0d,Owner 9891,+91XXXXXXXXXX,,Delhi,IN,Seller,Generated
54938602-1f2c-4fbe-b91e-926e3a2f3de4,Owner 6859,+91XXXXXXXXXX,,New York,IN,Seller,Generated
e135cba8-33aa-4786-a851-8acf8185dedf,Owner 3905,+91XXXXXXXXXX,,New York,IN,Seller,Generated
c0448eb8-d348-4118-bf2b-4f3fa45649cd,Owner 9527,+91XXXXXXXXXX,,Delhi,IN,Seller,Generated
b39d1b33-b5fe-4519-b624-cc24ec562fd4,Owner 917,+91XXXXXXXXXX,,London,IN,Seller,Generated
ff17d05a-ad1a-41e7-a906-2e683a87ad66,Owner 2692,+91XXXXXXXXXX,,London,IN,Seller,Generated
82a93017-29f5-49a9-b369-22789ce3eb8e,Owner 2177,+91XXXXXXXXXX,,New York,IN,Seller,Generated
0d60318e-a53a-43f5-88cc-2a25c35717c8,Owner 9923,+91XXXXXXXXXX,,London,IN,Seller,Generated
fac8a300-646e-4967-8c03-d3edf3ed7542,Owner 2821,+91XXXXXXXXXX,,New York,IN,Seller,Generated
ece15559-3df5-4075-94f9-49f87ddc3b80,Owner 1345,+91XXXXXXXXXX,,Delhi,IN,Seller,Generated
2ec549c9-43ed-49a8-9015-9a0f7b65a1ac,Owner 9349,+91XXXXXXXXXX,,Mumbai,IN,Seller,Generated
04a3e516-a3a5-43b4-832a-57d8edf5b9fe,Owner 8761,+91XXXXXXXXXX,,London,IN,Seller,Generated
a455983b-e255-4a4a-9fdf-2613b8a45592,Owner 5740,+91XXXXXXXXXX,,Delhi,IN,Seller,Generated
bde963d2-bb3d-4640-9d5f-539927da89d8,Owner 3685,+91XXXXXXXXXX,,London,IN,Seller,Generated
3263a2ba-2baa-4b1a-890c-b39b1b147c4f,Owner 6599,+91XXXXXXXXXX,,London,IN,Seller,Generated
c25ca6f0-07c0-4cf9-9b91-7133534f1d70,Owner 2954,+91XXXXXXXXXX,,Mumbai,IN,Seller,Generated
54d5061f-ac86-42eb-9218-1496fadddbe7,Owner 4328,+91XXXXXXXXXX,,Delhi,IN,Seller,Generated
d5cc6bb2-b1d9-4443-919c-5fa97273a98a,Owner 716,+91XXXXXXXXXX,,London,IN,Seller,Generated
5300e23e-4c14-4497-85cc-8f5b039e1beb,Owner 882,+91XXXXXXXXXX,,Delhi,IN,Seller,Generated
e3702eee-98e3-4875-b893-c9bb9151a68b,Owner 6154,+91XXXXXXXXXX,,Delhi,IN,Seller,Generated
2a47e1df-b4ee-4afd-abb9-e38de8e1402d,Owner 8281,+91XXXXXXXXXX,,Delhi,IN,Seller,Generated
132a3ba2-7c2d-4ae3-b40b-bee7e79fcce1,Owner 9731,+91XXXXXXXXXX,,Mumbai,IN,Seller,Generated
66f7d5b0-95a2-4a1e-a7f8-78cbcff41887,Owner 2907,+91XXXXXXXXXX,,New York,IN,Seller,Generated
26fc144c-97da-4968-8aa5-dfa32bc2f3a8,Owner 3617,+91XXXXXXXXXX,,New York,IN,Seller,Generated
e95faf45-2ea8-496e-8c71-f932dbad07ad,Owner 8290,+91XXXXXXXXXX,,London,IN,Seller,Generated
f41dd175-61dc-4949-9cde-21e6bd4ed774,Owner 8062,+91XXXXXXXXXX,,New York,IN,Seller,Generated
d33606ab-cc13-46f5-8da0-4a000629a51f,Owner 5624,+91XXXXXXXXXX,,New York,IN,Seller,Generated
9bd40367-bbc2-4e8b-b1b7-903bc6754f37,Owner 1993,+91XXXXXXXXXX,,Delhi,IN,Seller,Generated
ad10cc7c-0286-4e8a-88f6-bfb5cd2ea337,Owner 3572,+91XXXXXXXXXX,,Mumbai,IN,Seller,Generated
e505ebdc-1145-4c6d-872d-ab47f4fbd87d,Owner 123,+91XXXXXXXXXX,,London,IN,Seller,Generated
4acccb47-afc1-4b3c-8c7c-973af0390d83,Owner 8817,+91XXXXXXXXXX,,New York,IN,Seller,Generated
abd47fab-f000-485a-969f-8200c96340d9,Owner 3072,+91XXXXXXXXXX,,London,IN,Seller,Generated
40b669d6-7fc1-473b-a9a7-ef0839f662b9,Owner 3255,+91XXXXXXXXXX,,London,IN,Seller,Generated
f9b02df6-50fc-4a0f-a734-78d9a62970e3,Owner 1303,+91XXXXXXXXXX,,New York,IN,Seller,Generated
9ac70f4d-58ce-4265-a173-6dc51e21212c,Owner 1908,+91XXXXXXXXXX,,New York,IN,Seller,Generated
fa6950f3-12c8-4d93-be11-19637badf06e,Owner 2207,+91XXXXXXXXXX,,Delhi,IN,Seller,Generated
3a010e0f-4420-4826-b376-be6f2dc8e564,Owner 8158,+91XXXXXXXXXX,,London,IN,Seller,Generated
5175a597-968d-4ed5-b0d1-276f834cfef6,Owner 2523,+91XXXXXXXXXX,,New York,IN,Seller,Generated
8e5b8662-eb14-4b1a-8b5c-ec79122f8009,Owner 4264,+91XXXXXXXXXX,,New York,IN,Seller,Generated
813e8dbf-b03d-4028-b023-2d5cf9e7b4f0,Owner 3751,+91XXXXXXXXXX,,Delhi,IN,Seller,Generated
8447333c-45d7-41f4-a302-ca07d24ce364,Owner 4923,+91XXXXXXXXXX,,New York,IN,Seller,Generated
6561e833-b176-4a79-a537-0e4fdc3972c1,Owner 1878,+91XXXXXXXXXX,,London,IN,Seller,Generated
feb8e0ec-83b6-4f1d-bbd7-cb2702024b6e,Owner 5009,+91XXXXXXXXXX,,New York,IN,Seller,Generated
10572368-4cf6-4420-9bb6-56f8e865c02c,Owner 1134,+91XXXXXXXXXX,,London,IN,Seller,Generated
acdd079f-1734-4dd2-aaba-ba26b661a98e,Owner 7649,+91XXXXXXXXXX,,Mumbai,IN,Seller,Generated
dccc1226-a90a-45e7-a266-439bacc19fdf,Owner 289,+91XXXXXXXXXX,,Delhi,IN,Seller,Generated
cb963366-31e4-4d26-b9da-577218a2f144,Owner 331,+91XXXXXXXXXX,,Mumbai,IN,Seller,Generated
f3e4d506-1aaf-417a-85f6-7f85d0917952,Owner 2553,+91XXXXXXXXXX,,New York,IN,Seller,Generated
8b41e667-8f7f-4579-9f81-8088921bfa9e,Owner 8139,+91XXXXXXXXXX,,London,IN,Seller,Generated
9fc1afba-4f06-40dc-bf52-64b8f00ef876,Owner 1600,+91XXXXXXXXXX,,Mumbai,IN,Seller,Generated
f92e7202-7895-49c0-aa05-81699e73c776,Owner 7888,+91XXXXXXXXXX,,Mumbai,IN,Seller,Generated
b322da0e-7bd0-4fd8-b571-0a3f7d8656ef,Owner 9781,+91XXXXXXXXXX,,Mumbai,IN,Seller,Generated
de6983dd-81af-4625-ad2b-82549c2e3e16,Owner 3924,+91XXXXXXXXXX,,New York,IN,Seller,Generated
953515e0-ede1-435a-acb1-f2bcfbfd632f,Owner 2670,+91XXXXXXXXXX,,Delhi,IN,Seller,Generated
f8d22911-bf5c-41a5-810a-5021f016c4ef,Owner 7051,+91XXXXXXXXXX,,New York,IN,Seller,Generated
029a45e4-6561-4609-9644-7849dcb755c7,Owner 2472,+91XXXXXXXXXX,,London,IN,Seller,Generated
eee670d5-aa4e-454d-a3a8-9be4a95c558d,Owner 5873,+91XXXXXXXXXX,,Delhi,IN,Seller,Generated
fb008564-a156-4570-910e-885bf75e88cd,Owner 1569,+91XXXXXXXXXX,,London,IN,Seller,Generated
a39fc122-3db5-4ae6-9835-1c335097966d,Owner 6411,+91XXXXXXXXXX,,New York,IN,Seller,Generated
7edbc1b6-d5b0-4168-bcb5-98d1860d70e9,Owner 9422,+91XXXXXXXXXX,,London,IN,Seller,Generated
c78b09e5-a8f4-47ce-882a-8ded9804e469,Owner 4477,+91XXXXXXXXXX,,Delhi,IN,Seller,Generated
d8679381-be2b-4b73-b8aa-a82e42e25405,Owner 7409,+91XXXXXXXXXX,,Delhi,IN,Seller,Generated
b569b27e-d074-4eb9-9f6b-c54ee3f9c8cf,Owner 757,+91XXXXXXXXXX,,London,IN,Seller,Generated
03488ba7-9abb-4b8f-9b96-19b75a91fec0,Owner 5773,+91XXXXXXXXXX,,Delhi,IN,Seller,Generated
9edac9d4-55d1-4e79-a85d-d86a1fcfbe71,Owner 2469,+91XXXXXXXXXX,,Delhi,IN,Seller,Generated
56f519a4-96eb-42c2-8c80-dbce9b94e453,Owner 6036,+91XXXXXXXXXX,,Delhi,IN,Seller,Generated
20b3875f-d76a-4d43-9ffb-e44542f3c039,Owner 114,+91XXXXXXXXXX,,Mumbai,IN,Seller,Generated
deb7ada9-c5f9-44c3-bbdd-aa2956428bd7,Owner 2434,+91XXXXXXXXXX,,New York,IN,Seller,Generated
24b00b62-e9b6-4219-899e-aed04591f27d,Owner 523,+91XXXXXXXXXX,,London,IN,Seller,Generated
edeb7111-3049-41c9-8b12-7b3557a72c91,Owner 1249,+91XXXXXXXXXX,,London,IN,Seller,Generated
d6181cfc-336b-4155-acfe-bd89fa3cc897,Owner 113,+91XXXXXXXXXX,,London,IN,Seller,Generated
c814ed71-dc84-4dd9-a7ea-5a5344d60ea3,Owner 8002,+91XXXXXXXXXX,,London,IN,Seller,Generated
cf475327-73a0-48f7-94f8-38a012d57c38,Owner 33,+91XXXXXXXXXX,,Mumbai,IN,Seller,Generated
b2b9bdba-70f5-4363-9dc6-5d4680d3fc1a,Owner 8980,+91XXXXXXXXXX,,Mumbai,IN,Seller,Generated
faff4234-ba45-4c57-8bbc-fbe9bc32c18a,Owner 4075,+91XXXXXXXXXX,,Mumbai,IN,Seller,Generated
17872024-c15a-4855-b2a0-f54bae465609,Owner 8370,+91XXXXXXXXXX,,Mumbai,IN,Seller,Generated
2af1b1fc-913d-4925-ab05-6f93e170b06e,Owner 6885,+91XXXXXXXXXX,,New York,IN,Seller,Generated
f6dc2274-2ae4-4692-8a5c-9e5268714120,Owner 3798,+91XXXXXXXXXX,,Delhi,IN,Seller,Generated
2cba2902-dc79-4408-a123-190f8ed801c8,Owner 1581,+91XXXXXXXXXX,,New York,IN,Seller,Generated
25b727d1-58c9-41d8-8173-b6fc18cd9b10,Owner 1705,+91XXXXXXXXXX,,New York,IN,Seller,Generated
1d1f2682-1712-449e-adc6-950486b3a884,Owner 658,+91XXXXXXXXXX,,Mumbai,IN,Seller,Generated
a793307f-f555-4ebb-a524-4ca3b79dc139,Owner 8303,+91XXXXXXXXXX,,Mumbai,IN,Seller,Generated
c71d3dee-18d8-4fc4-94ad-8739b57648be,Owner 5745,+91XXXXXXXXXX,,London,IN,Seller,Generated
84bd2082-9ae6-49c4-b04d-a6b5bc0693b2,Owner 6850,+91XXXXXXXXXX,,Mumbai,IN,Seller,Generated
e519a65d-6382-424c-b1fb-e3873ef107bb,Owner 499,+91XXXXXXXXXX,,Delhi,IN,Seller,Generated
36db839d-4731-48cf-9e11-faeea70bf20c,Owner 7562,+91XXXXXXXXXX,,Delhi,IN,Seller,Generated
1913ae44-2884-44dd-baf5-ba1fcdd8b794,Owner 2921,+91XXXXXXXXXX,,New York,IN,Seller,Generated
d13cfc09-1617-475f-b27d-442318829355,Owner 4118,+91XXXXXXXXXX,,London,IN,Seller,Generated
edf96327-4e98-43bc-95ee-db9cce74c53a,Owner 4696,+91XXXXXXXXXX,,Delhi,IN,Seller,Generated
7a533670-4579-4eb5-ab40-5ef93c9ac851,Owner 5252,+91XXXXXXXXXX,,London,IN,Seller,Generated
30e7a6a7-590a-44cc-8be4-1dda4a4aa968,Owner 7872,+91XXXXXXXXXX,,Delhi,IN,Seller,Generated
dbd866bc-39e5-451a-a9ec-7e4906d2e5cf,Owner 304,+91XXXXXXXXXX,,London,IN,Seller,Generated
b5dcf775-aafb-41a5-9d69-9769c7c06a19,Owner 1956,+91XXXXXXXXXX,,London,IN,Seller,Generated
9846ad4c-f87e-4b99-8049-1aed12457371,Owner 380,+91XXXXXXXXXX,,New York,IN,Seller,Generated
d4ffe080-c6cb-4028-8907-73373d574824,Owner 5953,+91XXXXXXXXXX,,London,IN,Seller,Generated
c1e35353-3777-4b6b-8539-4546afe11211,Owner 9040,+91XXXXXXXXXX,,London,IN,Seller,Generated
45e044af-17c1-423d-aece-a765deab9c70,Owner 7991,+91XXXXXXXXXX,,New York,IN,Seller,Generated
f9598d75-3f7d-4f2b-bcca-31105ddea296,Owner 9139,+91XXXXXXXXXX,,London,IN,Seller,Generated
1e22b1be-cd80-4941-9e8b-d52223dfb7d0,Owner 7554,+91XXXXXXXXXX,,London,IN,Seller,Generated
582bf84c-a5ed-4560-b99b-b16026d29f4c,Owner 1352,+91XXXXXXXXXX,,Mumbai,IN,Seller,Generated
fdea3d5f-7445-48e6-aac5-977ca941ae87,Owner 938,+91XXXXXXXXXX,,New York,IN,Seller,Generated
156e5195-c48b-4a33-9df4-11a950f15de8,Owner 6753,+91XXXXXXXXXX,,Mumbai,IN,Seller,Generated
8af1b3c7-51a5-400e-81e2-e45e2ca2f38e,Owner 6071,+91XXXXXXXXXX,,New York,IN,Seller,Generated
9144fcf1-09b2-4455-a84d-3ecd7935e818,Owner 2253,+91XXXXXXXXXX,,Mumbai,IN,Seller,Generated
6da54c5b-eddf-482b-9505-4bae81bd4321,Owner 4839,+91XXXXXXXXXX,,Delhi,IN,Seller,Generated
4f065998-dff8-47e1-bf6c-64d4fcb6e27e,Owner 6368,+91XXXXXXXXXX,,London,IN,Seller,Generated
8c3af583-2b9c-4b17-8bc7-3e937ffaf49d,Owner 9536,+91XXXXXXXXXX,,Mumbai,IN,Seller,Generated
11b3d6d7-bf39-4bc9-bfb9-e85774e73372,Owner 8607,+91XXXXXXXXXX,,London,IN,Seller,Generated
9298e6e7-1ed5-4359-b4a7-da53342e4266,Owner 6460,+91XXXXXXXXXX,,Mumbai,IN,Seller,Generated
dbe48ad5-7c8e-4c81-8708-062a91fe4c6e,Owner 6064,+91XXXXXXXXXX,,London,IN,Seller,Generated
46836e0f-759c-48e9-b363-0b8a0b3dd298,Owner 6639,+91XXXXXXXXXX,,New York,IN,Seller,Generated
9f0bc4a3-ca48-4629-98ea-15a7ba74c666,Owner 3909,+91XXXXXXXXXX,,Mumbai,IN,Seller,Generated
0605910f-968b-4805-9a13-135d114e13f5,Owner 6015,+91XXXXXXXXXX,,Mumbai,IN,Seller,Generated
062f59b4-fadc-46c0-bc8e-7443e2d83518,Owner 8524,+91XXXXXXXXXX,,Delhi,IN,Seller,Generated
da582260-8da3-4fcc-9768-245569ccc256,Owner 1003,+91XXXXXXXXXX,,London,IN,Seller,Generated
ccdba492-9858-42ef-8b27-630e1b51ea6d,Owner 967,+91XXXXXXXXXX,,London,IN,Seller,Generated
70b2823b-b935-47a3-9f95-10238fbd8031,Owner 910,+91XXXXXXXXXX,,Delhi,IN,Seller,Generated
2d36c996-fbef-4f4e-a98b-a9446759f0f1,Owner 1399,+91XXXXXXXXXX,,London,IN,Seller,Generated
ef03fe11-6d2f-4b7c-b393-53df5226ed76,Owner 4463,+91XXXXXXXXXX,,London,IN,Seller,Generated
7a6f0129-5158-431c-b5ad-4d6004801d41,Owner 3003,+91XXXXXXXXXX,,London,IN,Seller,Generated
9c11987c-af7a-49f3-b03a-d4b0d01d94ae,Owner 723,+91XXXXXXXXXX,,London,IN,Seller,Generated
c1be2d31-9e3c-40b3-9752-ba25e3f538ea,Owner 6221,+91XXXXXXXXXX,,New York,IN,Seller,Generated
f6477927-602d-4fcb-a0bb-b1d9c8b5f1e4,Owner 9043,+91XXXXXXXXXX,,Delhi,IN,Seller,Generated
b11213c9-fec0-4557-8172-f0f8fe7616c5,Owner 530,+91XXXXXXXXXX,,London,IN,Seller,Generated
c5d68eb1-9358-496a-9e10-7a34f64a7cca,Owner 9135,+91XXXXXXXXXX,,Mumbai,IN,Seller,Generated
8939fcdc-3c13-4313-8218-b3d182770207,Owner 8460,+91XXXXXXXXXX,,Delhi,IN,Seller,Generated
98df3cae-f12a-4c0b-abcb-4de2a883bfd2,Owner 4769,+91XXXXXXXXXX,,London,IN,Seller,Generated
3608f4f1-cd08-49ea-ad4f-a8e0afa7efdf,Owner 5872,+91XXXXXXXXXX,,London,IN,Seller,Generated
4a46c1d4-b620-4bf9-9b5c-8781b17b13db,Owner 8160,+91XXXXXXXXXX,,London,IN,Seller,Generated
84df5ce8-6d3b-48cb-a9b2-ee961596bb0a,Owner 8581,+91XXXXXXXXXX,,New York,IN,Seller,Generated
e0d839a3-509e-49f7-9761-43da2c491c9b,Owner 4514,+91XXXXXXXXXX,,London,IN,Seller,Generated
adf1ab9d-8f79-4f48-a4fe-14536578a8d1,Owner 3119,+91XXXXXXXXXX,,Mumbai,IN,Seller,Generated
9402ea4c-f392-4de7-80e2-fc68764e86c5,Owner 656,+91XXXXXXXXXX,,London,IN,Seller,Generated
2947d922-63a9-455d-b782-ea17bd814098,Owner 6674,+91XXXXXXXXXX,,Delhi,IN,Seller,Generated
18a9072c-5544-4dfc-b145-de12f9d51669,Owner 8965,+91XXXXXXXXXX,,Mumbai,IN,Seller,Generated
ee981b42-cc1d-4a15-b34a-2cae264ed13b,Owner 8741,+91XXXXXXXXXX,,Mumbai,IN,Seller,Generated
70c52df5-b247-442a-99c9-9efde1954be9,Owner 5217,+91XXXXXXXXXX,,New York,IN,Seller,Generated
fc4b2f98-3503-4864-8c9f-4662e5b716d9,Owner 7363,+91XXXXXXXXXX,,Delhi,IN,Seller,Generated
b5c4de48-a761-4400-a20f-8fcd32afca0a,Owner 879,+91XXXXXXXXXX,,New York,IN,Seller,Generated
9903fc28-c25b-45fb-9bb9-f84e7c2c5ec4,Owner 7415,+91XXXXXXXXXX,,New York,IN,Seller,Generated
fd9acecc-41a3-453c-ab5f-7fa68cf6f796,Owner 3130,+91XXXXXXXXXX,,Mumbai,IN,Seller,Generated
0e4957c2-102e-41a2-b797-2e5ffb8a1ed5,Owner 7079,+91XXXXXXXXXX,,New York,IN,Seller,Generated
6ff68d4e-aa84-4939-8c7a-89cf71d52c9b,Owner 8420,+91XXXXXXXXXX,,Mumbai,IN,Seller,Generated
3bfc347d-04fb-4f6d-a8d3-b15c61b0bd8a,Owner 1533,+91XXXXXXXXXX,,Delhi,IN,Seller,Generated
01fd6357-2173-4ca3-b3e1-a73df0807885,Owner 5356,+91XXXXXXXXXX,,Delhi,IN,Seller,Generated
b0d46236-bf5f-49e4-9f77-3270b38963db,Owner 9700,+91XXXXXXXXXX,,New York,IN,Seller,Generated
caab890b-0c35-4afa-9146-db82f72fd89a,Owner 3246,+91XXXXXXXXXX,,London,IN,Seller,Generated
d28d7da0-56ad-44fe-bc3a-c6d38b497b7c,Owner 2085,+91XXXXXXXXXX,,London,IN,Seller,Generated
72fcfc92-dc35-4564-89ab-c0f804f877ea,Owner 6581,+91XXXXXXXXXX,,Mumbai,IN,Seller,Generated
fc047940-4fd1-4945-97ba-a1f242bcf231,Owner 6945,+91XXXXXXXXXX,,New York,IN,Seller,Generated
b2c446a0-f4a3-46d0-821d-f5f71baad66e,Owner 9650,+91XXXXXXXXXX,,Mumbai,IN,Seller,Generated
8ab179f9-735c-44cb-bf19-8893b20323c1,Owner 8932,+91XXXXXXXXXX,,New York,IN,Seller,Generated
678f9a16-d6d3-479f-9428-b2bbb0c6fa1b,Owner 3339,+91XXXXXXXXXX,,New York,IN,Seller,Generated
f5b307a1-79e0-4aea-a453-d66d01f34c9c,Owner 7690,+91XXXXXXXXXX,,New York,IN,Seller,Generated
62e0133a-1eac-4a7b-83b5-2c8ca3c9481b,Owner 4541,+91XXXXXXXXXX,,London,IN,Seller,Generated
3b185d97-ed7e-4243-bb16-0fd282c16648,Owner 8125,+91XXXXXXXXXX,,Delhi,IN,Seller,Generated
f8fd5cb5-d81d-4c51-919b-fc318e136791,Owner 7733,+91XXXXXXXXXX,,London,IN,Seller,Generated
eae58eb5-a6a9-4fba-81cc-dcb2c6bef100,Owner 1133,+91XXXXXXXXXX,,London,IN,Seller,Generated
75cd8824-a719-4c0b-adf9-d0e9164e7554,Owner 8104,+91XXXXXXXXXX,,Delhi,IN,Seller,Generated
051d7eb1-d6bd-424f-8dd1-594b7a907a96,Owner 1914,+91XXXXXXXXXX,,Delhi,IN,Seller,Generated
dbca5cda-44ca-4600-8ffd-9b60088cfe50,Owner 7254,+91XXXXXXXXXX,,Delhi,IN,Seller,Generated
191e8170-fa73-4e50-a710-ba38dac12576,Owner 1120,+91XXXXXXXXXX,,New York,IN,Seller,Generated
7b4308bc-3166-43a3-94cd-e354089ee749,Owner 95,+91XXXXXXXXXX,,London,IN,Seller,Generated
252afdcb-129b-4b54-b5be-c0406d84594e,Owner 4207,+91XXXXXXXXXX,,New York,IN,Seller,Generated
31d54880-4b5d-4fcf-a24b-52e0dab51e04,Owner 3812,+91XXXXXXXXXX,,Delhi,IN,Seller,Generated
092b9e3c-6a31-4a86-9ada-cbffe17d8f05,Owner 6057,+91XXXXXXXXXX,,Mumbai,IN,Seller,Generated
4e82db68-c1c8-4549-8148-f58ddd4cc9e6,Owner 6457,+91XXXXXXXXXX,,New York,IN,Seller,Generated
6eae0f76-c44b-4717-9b00-768eb8f72819,Owner 6472,+91XXXXXXXXXX,,New York,IN,Seller,Generated
850a7ef4-423f-4ffe-bb96-1e1d0c9c69ea,Owner 4091,+91XXXXXXXXXX,,Delhi,IN,Seller,Generated
54279f4b-a1c5-426c-8814-14d803ee1233,Owner 4144,+91XXXXXXXXXX,,New York,IN,Seller,Generated
2e1cd342-ce8e-44a9-afa3-bb13ae9943b2,Owner 987,+91XXXXXXXXXX,,Delhi,IN,Seller,Generated
e9ea3250-e1e3-47eb-8ea7-33e51910bd82,Owner 4310,+91XXXXXXXXXX,,New York,IN,Seller,Generated
5d26042f-1266-455c-9605-f3a3a996f205,Owner 7780,+91XXXXXXXXXX,,Mumbai,IN,Seller,Generated
a9c73519-de0e-49ac-9136-5ca6f0b2b244,Owner 5253,+91XXXXXXXXXX,,Mumbai,IN,Seller,Generated
3b916158-cf3a-4417-99e1-a55eee80124e,Owner 2445,+91XXXXXXXXXX,,Delhi,IN,Seller,Generated
f7ce583b-fc59-4d43-8f3b-b64daf51f3fd,Owner 3522,+91XXXXXXXXXX,,Mumbai,IN,Seller,Generated
d8d39f01-7dda-459f-b1e9-ff510c8a5be5,Owner 743,+91XXXXXXXXXX,,New York,IN,Seller,Generated
2488f8e9-b494-4804-ae64-24e8505edd2f,Owner 2070,+91XXXXXXXXXX,,New York,IN,Seller,Generated
2e37e5cc-b77f-4c56-957c-08fbc4e6b0bd,Owner 754,+91XXXXXXXXXX,,London,IN,Seller,Generated
f9d52cc3-85f4-4c53-9416-137358bdd218,Owner 718,+91XXXXXXXXXX,,Delhi,IN,Seller,Generated
0b586744-6c7c-46b8-bd8e-b0c3198a658a,Owner 9511,+91XXXXXXXXXX,,Delhi,IN,Seller,Generated
7ac6329c-1d24-4c82-9aae-b78a53411978,Owner 9477,+91XXXXXXXXXX,,London,IN,Seller,Generated
506cfd05-50ea-4ff7-9215-ec02710df55a,Owner 1529,+91XXXXXXXXXX,,New York,IN,Seller,Generated
a3db005d-8d8e-4e5d-9b91-a21b356e20f5,Owner 8458,+91XXXXXXXXXX,,New York,IN,Seller,Generated
85a78cee-efda-43dc-96ae-cd7bc9a090c8,Owner 8008,+91XXXXXXXXXX,,Delhi,IN,Seller,Generated
2eaaaec2-03fb-40a3-98fe-8b2b5e78ccf8,Owner 3951,+91XXXXXXXXXX,,New York,IN,Seller,Generated
a76983d9-7577-4a7c-95fe-ce8060a28fa2,Owner 9177,+91XXXXXXXXXX,,Mumbai,IN,Seller,Generated
058f6dde-6cef-4c11-beb9-97e670957cda,Owner 4655,+91XXXXXXXXXX,,London,IN,Seller,Generated
52f93a1d-8678-4b3b-9ad6-22b6938850ce,Owner 4270,+91XXXXXXXXXX,,New York,IN,Seller,Generated
5af0dfee-329e-4ff8-b357-c248c2d08137,Owner 2741,+91XXXXXXXXXX,,Delhi,IN,Seller,Generated
6808593a-a7bc-4947-b798-dc8295136c1e,Owner 8622,+91XXXXXXXXXX,,London,IN,Seller,Generated
f6fc7275-2865-4b68-973e-00ac2f662b4b,Owner 2678,+91XXXXXXXXXX,,London,IN,Seller,Generated
8ab20572-53e0-4c85-8447-e43b42b9e893,Owner 7043,+91XXXXXXXXXX,,London,IN,Seller,Generated
e537a4f0-7814-4203-9342-28f305b39658,Owner 8734,+91XXXXXXXXXX,,Delhi,IN,Seller,Generated
660554fb-fb2e-4c16-ab56-fcb935ec97c7,Owner 2355,+91XXXXXXXXXX,,Delhi,IN,Seller,Generated
aa5775c0-1ac7-4c1f-87cf-83a7a168bcf8,Owner 4659,+91XXXXXXXXXX,,Mumbai,IN,Seller,Generated
4f366535-18e2-49a0-a12f-d84f75cf8990,Owner 1515,+91XXXXXXXXXX,,Mumbai,IN,Seller,Generated
aba4c7f1-2be6-4735-bfc2-af06c8d611ab,Owner 2461,+91XXXXXXXXXX,,Mumbai,IN,Seller,Generated
0084a5dc-3802-4d90-ae1c-1c88f55b682e,Owner 7127,+91XXXXXXXXXX,,Mumbai,IN,Seller,Generated
2d3c344d-beba-423f-ade7-b4eb58f4f2f9,Owner 7200,+91XXXXXXXXXX,,London,IN,Seller,Generated
c315ec67-d7ca-49a6-9ad6-12bf116e301e,Owner 5674,+91XXXXXXXXXX,,Mumbai,IN,Seller,Generated
b20032b1-4f3a-4bc5-8523-e66d147310de,Owner 1071,+91XXXXXXXXXX,,London,IN,Seller,Generated
2baa3195-36f9-46ac-a745-8ea2d7f3d613,Owner 2673,+91XXXXXXXXXX,,London,IN,Seller,Generated
5603ac22-7555-408d-9945-4fdee1429d33,Owner 2806,+91XXXXXXXXXX,,Mumbai,IN,Seller,Generated
b20984a1-e05c-448f-b0fb-a58065c6a532,Owner 6665,+91XXXXXXXXXX,,London,IN,Seller,Generated
4fc1ee34-3e69-4fd0-9760-ee6ff8061819,Owner 6657,+91XXXXXXXXXX,,Mumbai,IN,Seller,Generated
0dc8674a-a814-4660-954b-a2e28f738413,Owner 6501,+91XXXXXXXXXX,,Mumbai,IN,Seller,Generated
c717ab5c-b2e8-4ac6-b145-e9701dbf65c2,Owner 5455,+91XXXXXXXXXX,,Delhi,IN,Seller,Generated
c6da23d2-984b-4a95-909c-458f6e52fedd,Owner 2351,+91XXXXXXXXXX,,New York,IN,Seller,Generated
b8a864db-3ced-4ac3-a8bf-9c5cbf351035,Owner 9843,+91XXXXXXXXXX,,Delhi,IN,Seller,Generated
89f70d79-35a8-4472-8016-f42546e23038,Owner 8621,+91XXXXXXXXXX,,London,IN,Seller,Generated
89a88830-778a-4e55-93bb-b41617952e98,Owner 4304,+91XXXXXXXXXX,,New York,IN,Seller,Generated
b671a5f9-9ddc-4272-a924-56a3156196ba,Owner 8825,+91XXXXXXXXXX,,London,IN,Seller,Generated
9f26089b-ae06-4fff-938b-39045ccf7fe5,Owner 1015,+91XXXXXXXXXX,,London,IN,Seller,Generated
78ebeb49-9020-4edd-bb7f-2c5878e25113,Owner 4731,+91XXXXXXXXXX,,Delhi,IN,Seller,Generated
14725231-1041-4996-b9ee-dc56d7ab1119,Owner 8427,+91XXXXXXXXXX,,Delhi,IN,Seller,Generated
ca47bcb7-d2df-403d-a7a4-e60625d367c7,Owner 7754,+91XXXXXXXXXX,,Mumbai,IN,Seller,Generated
e8bf315c-48e7-43e1-847b-bfe902974997,Owner 6450,+91XXXXXXXXXX,,Delhi,IN,Seller,Generated
1ae642a2-8e91-4366-89e1-e2555a20bc2f,Owner 5501,+91XXXXXXXXXX,,London,IN,Seller,Generated
841006cc-5f34-4ded-858c-a68eae955492,Owner 1806,+91XXXXXXXXXX,,Delhi,IN,Seller,Generated
6fefb353-f7a3-4166-b6a7-fe4cde1f91e9,Owner 3944,+91XXXXXXXXXX,,Mumbai,IN,Seller,Generated
de5ff172-409f-4762-be16-6f623461209f,Owner 6215,+91XXXXXXXXXX,,New York,IN,Seller,Generated
a9eee2e8-e45e-4531-a0f2-d3d75088bffd,Owner 2,+91XXXXXXXXXX,,New York,IN,Seller,Generated
42bf5029-0a97-44d8-9f43-3b15f6f07694,Owner 2715,+91XXXXXXXXXX,,New York,IN,Seller,Generated
a773af13-d983-4079-ac52-7858e6b4032b,Owner 8630,+91XXXXXXXXXX,,Mumbai,IN,Seller,Generated
a290f853-37da-42a2-a074-9816a22fd21d,Owner 4107,+91XXXXXXXXXX,,London,IN,Seller,Generated
2d7c2804-f5fb-41a1-b13c-2ddca620e82c,Owner 2906,+91XXXXXXXXXX,,New York,IN,Seller,Generated
bda00ad4-c658-4422-ab94-10d75fe88bf7,Owner 5067,+91XXXXXXXXXX,,London,IN,Seller,Generated
0cc96a16-7924-421d-bf85-00b2a167d452,Owner 547,+91XXXXXXXXXX,,New York,IN,Seller,Generated
238557ec-cc7e-44d5-8d9e-3956d1cf86aa,Owner 7186,+91XXXXXXXXXX,,Delhi,IN,Seller,Generated
d00f7a6b-5d83-4e55-9057-31b0ff3f7617,Owner 9675,+91XXXXXXXXXX,,London,IN,Seller,Generated
a83d18b5-bbfa-4dd8-9d9e-e7d419620beb,Owner 2253,+91XXXXXXXXXX,,Delhi,IN,Seller,Generated
f4606561-4b0b-432d-b309-3109fc12b08c,Owner 1270,+91XXXXXXXXXX,,Mumbai,IN,Seller,Generated
329896f8-b597-4bad-a8fc-c282df485fa5,Owner 1155,+91XXXXXXXXXX,,New York,IN,Seller,Generated
bf9d3879-6fb4-4b50-95cf-94e23a419f68,Owner 9204,+91XXXXXXXXXX,,New York,IN,Seller,Generated
8d60a605-946b-47d8-af96-c23539bde037,Owner 1706,+91XXXXXXXXXX,,Mumbai,IN,Seller,Generated
702e5bfb-3482-4fa6-b94d-410a67a7c002,Owner 567,+91XXXXXXXXXX,,Mumbai,IN,Seller,Generated
1e236e61-1014-4438-bb55-1a610d10a69b,Owner 5329,+91XXXXXXXXXX,,Mumbai,IN,Seller,Generated
c44268ff-0c89-405c-b184-4d65be73e66c,Owner 9471,+91XXXXXXXXXX,,Mumbai,IN,Seller,Generated
fa90c603-721e-4101-98c1-199b0a9a2e99,Owner 8827,+91XXXXXXXXXX,,Delhi,IN,Seller,Generated
53da0242-0be0-4f07-9a6d-11d3014a56f8,Owner 9683,+91XXXXXXXXXX,,New York,IN,Seller,Generated
18c934e4-a067-41f2-9de0-5aba778dfd41,Owner 638,+91XXXXXXXXXX,,New York,IN,Seller,Generated
412c6400-3158-4b66-9d98-0be1dd028453,Owner 630,+91XXXXXXXXXX,,New York,IN,Seller,Generated
a92435f7-79db-4160-a6ec-06d247257857,Owner 8964,+91XXXXXXXXXX,,London,IN,Seller,Generated
364deeae-07bc-46f6-ba9c-536dd09a1148,Owner 281,+91XXXXXXXXXX,,Delhi,IN,Seller,Generated
dfa44480-3b41-4d39-a2bf-11c1e30fcc36,Owner 3674,+91XXXXXXXXXX,,London,IN,Seller,Generated
0ab729a3-3c06-4026-9b78-df2f07a57ac8,Owner 316,+91XXXXXXXXXX,,Mumbai,IN,Seller,Generated
bb0441ff-abb5-44e1-9620-9c1c42af66a0,Owner 1438,+91XXXXXXXXXX,,London,IN,Seller,Generated
6bdea96b-a2ce-4bdb-bc83-11eae8dcf810,Owner 9976,+91XXXXXXXXXX,,London,IN,Seller,Generated
41f340de-cca6-4577-8be0-70ed9fc8d306,Owner 8326,+91XXXXXXXXXX,,New York,IN,Seller,Generated
e130e7be-65de-4d00-bd10-3c1dc3750f7e,Owner 5361,+91XXXXXXXXXX,,London,IN,Seller,Generated
dcaec218-2307-44ce-bfc4-eadfd2efb2b5,Owner 3704,+91XXXXXXXXXX,,New York,IN,Seller,Generated
f9e2abd6-4933-4cda-9b39-701db4892bf0,Owner 8763,+91XXXXXXXXXX,,New York,IN,Seller,Generated
22f5b884-8411-4e47-9777-8b02d7ff945a,Owner 7712,+91XXXXXXXXXX,,London,IN,Seller,Generated
d408c935-128e-45ea-9f01-e2eddf3a9109,Owner 332,+91XXXXXXXXXX,,London,IN,Seller,Generated
584be3a0-b5f8-4f4d-bd0f-83bc189daf5b,Owner 5220,+91XXXXXXXXXX,,New York,IN,Seller,Generated
d07d23b7-2b03-48f0-96c5-2a85ee361844,Owner 1281,+91XXXXXXXXXX,,Delhi,IN,Seller,Generated
75ddadaa-2ff1-4d29-8cf4-fb1f32645e9a,Owner 8370,+91XXXXXXXXXX,,New York,IN,Seller,Generated
30ea8f60-2c83-4c9d-b07f-084b5ec79b91,Owner 1155,+91XXXXXXXXXX,,Delhi,IN,Seller,Generated
563c469e-f3c3-4441-b532-3c494fc640d6,Owner 5273,+91XXXXXXXXXX,,London,IN,Seller,Generated
c5bdfada-3f90-46c8-a0bc-073cb9e400c0,Owner 6143,+91XXXXXXXXXX,,London,IN,Seller,Generated
a839d706-4dae-4af0-9f36-fef1636dd86c,Owner 6872,+91XXXXXXXXXX,,London,IN,Seller,Generated
678e2d18-387d-47cf-b4ef-99def6e42e0c,Owner 652,+91XXXXXXXXXX,,Delhi,IN,Seller,Generated
30944018-863e-4ec0-b0cc-d26ed1413c8d,Owner 9871,+91XXXXXXXXXX,,Mumbai,IN,Seller,Generated
2b127286-6d11-443d-8457-564e66c118d4,Owner 7296,+91XXXXXXXXXX,,London,IN,Seller,Generated
c8ea88d3-3894-48ee-b726-f33f3d01b95c,Owner 9499,+91XXXXXXXXXX,,New York,IN,Seller,Generated
6b836b65-895b-4b16-bdef-dbee4fc8fffb,Owner 931,+91XXXXXXXXXX,,Delhi,IN,Seller,Generated
14005b3f-5fcb-409f-83e2-1d229f1d92df,Owner 2421,+91XXXXXXXXXX,,New York,IN,Seller,Generated
4e7f6b53-3ad2-481c-aefb-c286c180c493,Owner 4393,+91XXXXXXXXXX,,New York,IN,Seller,Generated
861866c7-9e84-46a3-bf47-2bcf4205c13c,Owner 3439,+91XXXXXXXXXX,,New York,IN,Seller,Generated
79d8548a-95a4-4a50-a1fc-2af25e2bca2a,Owner 3703,+91XXXXXXXXXX,,Mumbai,IN,Seller,Generated
c93afb45-c7ef-4b09-8bd0-1d51f86f73af,Owner 8670,+91XXXXXXXXXX,,New York,IN,Seller,Generated
2502ed1a-b6f7-47d8-9238-982c2edada5c,Owner 3275,+91XXXXXXXXXX,,Delhi,IN,Seller,Generated
8d0575ad-b36a-4a5f-ba62-e447628c631b,Owner 4333,+91XXXXXXXXXX,,Delhi,IN,Seller,Generated
1d99eb65-830a-45a7-bcf3-3e98c5a1dfdd,Owner 1533,+91XXXXXXXXXX,,New York,IN,Seller,Generated
03161bae-2bf5-47f1-afba-f57a91ad167c,Owner 5906,+91XXXXXXXXXX,,Delhi,IN,Seller,Generated
2426a270-89be-4cb7-8c86-9ff1d74e4052,Owner 2012,+91XXXXXXXXXX,,London,IN,Seller,Generated
e961c529-05a8-4a4f-910e-f0aeed49f9b1,Owner 6055,+91XXXXXXXXXX,,New York,IN,Seller,Generated
4a34459b-0a37-415b-9abd-bb4d5ff5c9c6,Owner 9380,+91XXXXXXXXXX,,Mumbai,IN,Seller,Generated
74750ec1-7bb1-4eb4-9c40-f4c83ce6ef5c,Owner 9175,+91XXXXXXXXXX,,Delhi,IN,Seller,Generated
747f3b7c-ec1c-4ee9-b360-577f0325e8bb,Owner 4119,+91XXXXXXXXXX,,London,IN,Seller,Generated
5da3eb5d-a651-4655-9902-d52404ec90f4,Owner 5694,+91XXXXXXXXXX,,Delhi,IN,Seller,Generated
9f3cb6de-14f7-4eec-96c9-7e8eacfc3818,Owner 4454,+91XXXXXXXXXX,,London,IN,Seller,Generated
6c1bd97d-0231-4608-a911-346b26aba695,Owner 4016,+91XXXXXXXXXX,,London,IN,Seller,Generated
dc7e941e-6313-47e9-ab6d-f620f15fc984,Owner 9844,+91XXXXXXXXXX,,New York,IN,Seller,Generated
24d9c296-2d21-48bd-92d1-d4fa6dcd4441,Owner 4078,+91XXXXXXXXXX,,London,IN,Seller,Generated
fff6a98f-3572-4fe3-b105-62aaa3c9df1b,Owner 9878,+91XXXXXXXXXX,,Delhi,IN,Seller,Generated
b1fa2f5f-fe0e-4bfa-ab64-6edbbf6e6726,Owner 1711,+91XXXXXXXXXX,,Mumbai,IN,Seller,Generated
9e8d4023-a63d-41c8-9ea8-952c692331bc,Owner 8960,+91XXXXXXXXXX,,London,IN,Seller,Generated
8bb1bf3d-a139-447a-9e11-feeb8b2f5ea1,Owner 5033,+91XXXXXXXXXX,,Mumbai,IN,Seller,Generated
44534554-aa89-4a0b-9c80-420587d6dfb4,Owner 2825,+91XXXXXXXXXX,,Delhi,IN,Seller,Generated
95a00556-01f7-4f58-b13d-00f616e05d0f,Owner 5567,+91XXXXXXXXXX,,New York,IN,Seller,Generated
37f4ed19-b19c-4c48-bf15-67538f4cd788,Owner 6917,+91XXXXXXXXXX,,Mumbai,IN,Seller,Generated
1bf8fc75-2b7d-4648-b14e-e99b307befae,Owner 7386,+91XXXXXXXXXX,,Mumbai,IN,Seller,Generated
b5ceb821-4724-49ea-a6db-5c2620cb5f26,Owner 8951,+91XXXXXXXXXX,,New York,IN,Seller,Generated
a94e55a2-004e-4a99-8622-8698962e8551,Owner 3282,+91XXXXXXXXXX,,Delhi,IN,Seller,Generated
9a0ab5c7-e614-4fad-bd58-83c40f53ca8f,Owner 4527,+91XXXXXXXXXX,,New York,IN,Seller,Generated
e88ad26c-2878-469a-808a-9f7313475db4,Owner 1302,+91XXXXXXXXXX,,Delhi,IN,Seller,Generated
5f4456b1-7980-4290-8e8e-1a2c3a2d0171,Owner 717,+91XXXXXXXXXX,,London,IN,Seller,Generated
b04ebc19-2a04-4aa9-a02c-8b1740d082ff,Owner 9212,+91XXXXXXXXXX,,Delhi,IN,Seller,Generated
1d1f556e-cf14-4b99-9f40-739198d4e7b2,Owner 5047,+91XXXXXXXXXX,,London,IN,Seller,Generated
